{"names": ["Target"], "yaml": {"nc": 1, "end2end": true, "reg_max": 1, "scales": {"n": [0.5, 0.25, 1024], "s": [0.5, 0.5, 1024], "m": [0.5, 1.0, 512], "l": [1.0, 1.0, 512], "x": [1.0, 1.5, 512]}, "backbone": [[-1, 1, "Conv", [64, 3, 2]], [-1, 1, "Conv", [128, 3, 2]], [-1, 2, "C3k2", [256, false, 0.25]], [-1, 1, "Conv", [256, 3, 2]], [-1, 2, "C3k2", [512, false, 0.25]], [-1, 1, "Conv", [512, 3, 2]], [-1, 2, "C3k2", [512, true]], [-1, 1, "Conv", [1024, 3, 2]], [-1, 2, "C3k2", [1024, true]], [-1, 1, "SPPF", [1024, 5, 3, true]], [-1, 2, "C2PSA", [1024]]], "head": [[-1, 1, "nn.Upsample", ["None", 2, "nearest"]], [[-1, 6], 1, "Concat", [1]], [-1, 2, "C3k2", [512, true]], [-1, 1, "nn.Upsample", ["None", 2, "nearest"]], [[-1, 4], 1, "Concat", [1]], [-1, 2, "C3k2", [256, true]], [-1, 1, "Conv", [256, 3, 2]], [[-1, 13], 1, "Concat", [1]], [-1, 2, "C3k2", [512, true]], [-1, 1, "Conv", [512, 3, 2]], [[-1, 10], 1, "Concat", [1]], [-1, 1, "C3k2", [1024, true, 0.5, true]], [[16, 19, 22], 1, "Detect", ["nc"]]], "scale": "n", "yaml_file": "yolo26n.yaml", "channels": 3}, "nc": 1, "args": {"model": "yolo26n.pt", "batch": 23, "imgsz": 640}, "ultralytics_version": "8.3.63", "model_type": "yolo26"}